INSERT INTO artists (id, name)
VALUES  ('1', 'Ария'),('2', 'Алиса'),('3','Кипелов'),
        ('4','Баста'),('5','Гуф'),('6','Каста'),
        ('7','Rianna'),('8','Jennifer Lopez'),('9','Whitney Houston');


INSERT INTO genres (id, name) 
VALUES  ('1','Рок'),('2','Рэп'),('3','Поп');


INSERT INTO albums (name, year)
VALUES  ('Мания Величия', '1985'),('С кем ты?', '1986'),('Герой Асфальта','1987'),
	    ('Энергия','1985'),('Блок ада','1987'),('Шестой лесничий','1989'),
	    ('Реки времен', '2005'),('Жить вопреки','2011'),('Звезды и кресты','2017'),
	    ('Баста 1', '2006'),('Баста 2', '2007'),('Баста 3','2010'),
	    ('Город дорог','2007'),('Дома','2009'),('Сам и…','2012'),
	    ('Громче воды, выше травы','2002'),('Быль в глаза','2008'),('Четырёхглавый орёт…','2017'),
	    ('On the 6','1999'),('J.Lo ','2001'),('This Is Me... Then','2002'),
	    ('Music of the Sun','2005'),('A Girl like Me','2006'),('Good Girl Gone Bad','2007'),
	    ('Whitney Houston','1985'),('Whitney','1987'),('I’m Your Baby Tonight','1990');


INSERT INTO tracks (albumid,name,continuity)
VALUES  (1, 'Это рок', '00:05:54'),
	    (1, 'Дай руку мне', '00:05:17'),
        (2, 'Воля и разум', '00:04:34'),
	    (2, 'Здесь куют металл', '00:04:42'),
	    (3, 'На службе силы зла', '00:07:10'),
	    (10, 'Ты та...', '00:04:01'),
	    (10, 'Китай', '00:04:41'),
	    (13, 'Город дорог', '00:04:29'),
	    (19, 'You Give Good Love', '00:04:36'),
	    (19, 'My Love', '00:04:58');


INSERT INTO collections (year,name)
VALUES  ('2008','К тебе'),
	    ('2013','Баста+'),
	    ('2010','«Баста / Гуф»'),
	    ('2020','Whitney — The Greatest Hits');
	

INSERT INTO collectiontracks (collectionid,trackid)
VALUES   (1,6),
         (2,8),
         (3,7),
         (4,9);


INSERT INTO artistsgenres (artistid,genreid)
VALUES  (1,1),
        (2,1),
        (3,1),
        (4,2),
        (5,2),
        (6,2),
        (7,3),
        (8,3),
        (9,3);

	
INSERT INTO artistalbums (artistid,albumid)
VALUES  (1,1),
	    (1,2),
	    (1,3),
        (2,4),
	    (2,5),
	    (2,6),
	    (3,7),
	    (3,8),
	    (3,9),
	    (4,10),
	    (4,11),
		(4,12),
		(5,13),
		(5,14),
		(5,15),
		(6,16),
		(6,17),
		(6,18),
		(7,19),
		(7,20),
		(7,21),
		(8,22),
		(8,23),
		(8,24),
		(9,25),
		(9,26),
		(9,27);